0,Ahmed,Alameddine,19,11 Bert Crest,BALMAIN,2001,20181007_230450.jpg
1,Yeo,Man,20,10 As St,BALMAIN,2001,20180720_213552.jpg
2,Leo,Las,21,200 Call Ave,BALMAIN,2001,20171014_201326.jpg
3,Aop,Bart,19,3 Indigo St,BALMAIN,2001,20150723_214054.jpg
4,Ahmed,Alameddine,19,11 Bert Crest,BALMAIN,2001,20181007_230450.jpg
5,Yeo,Man,20,10 As St,BALMAIN,2001,20180720_213552.jpg
6,Leo,Las,21,200 Call Ave,BALMAIN,2001,20171014_201326.jpg
7,Aop,Bart,19,3 Indigo St,BALMAIN,2001,20150723_214054.jpg
8,Ahmed,Alameddine,19,11 Bert Crest,BALMAIN,2001,20181007_230450.jpg
9,Yeo,Man,20,10 As St,BALMAIN,2001,20180720_213552.jpg
10,Leo,Las,21,200 Call Ave,BALMAIN,2001,20171014_201326.jpg
11,Aop,Bart,19,3 Indigo St,BALMAIN,2001,20150723_214054.jpg
